customer_id,name,cibil_score,pan,adhaar,address
1,Vidya Chauhan,663,AHFPC2679V,3960 0133 8908,"Plot No. 112, Green Park, New Town, Kolkata, West Bengal - 700067"
2,Suraj Goel,867,VAUPG7924K,6235 1161 5594,"Plot No. 112, Green Park, Borivali East, Mumbai, Maharashtra - 400020"
3,Siddharth Grover,696,VQWPG4150W,3034 1316 4752,"Plot 18, Lakeview Residency, Vijay Nagar, Indore, Madhya Pradesh - 452087"
4,Vidya Deshmukh,643,NGMPD5422U,5503 0564 1395,"Flat 6B, Mayflower Court, Sector 8, Chandigarh, Chandigarh - 160028"
5,Krishna Chopra,719,GOGPC8019S,8532 8710 1226,"Flat 6B, Mayflower Court, Indira Nagar, Lucknow, Uttar Pradesh - 226077"
6,Kishore Pandey,826,WASPP9797Y,6514 6270 4828,"Flat 504, Windsor Manor, Hazratganj, Lucknow, Uttar Pradesh - 226029"
7,Pankaj Sinha,767,EYXPS1009T,7701 5430 3911,"Plot No. 112, Green Park, Edappally, Kochi, Kerala - 682026"
8,Vinay Malhotra,417,YENPM7932G,5465 7871 3315,"Flat 3A, Gulmohar Enclave, Connaught Place, New Delhi, Delhi - 110019"
9,Varun Bhattacharya,592,FXWPB2160Q,5473 8299 7376,"Row House 14, Whispering Woods, Anna Nagar, Chennai, Tamil Nadu - 600062"
10,Rohan Verma,679,SRZPV2612B,8513 3387 2624,"Flat 12A, Golden Rays, Kakkanad, Kochi, Kerala - 682016"
11,Vikram Nair,669,VZYPN4872F,8773 6026 0647,"Plot No. 112, Green Park, Sector 8, Chandigarh, Chandigarh - 160029"
12,Harish Grover,334,FBTPG1998X,7009 7882 0812,"House #45, 2nd Main Road, Salt Lake Sector V, Kolkata, West Bengal - 700082"
13,Kavita Pillai,742,PQKPP9565K,6353 4624 7510,"Flat 405, Prestige Towers, Dadar, Mumbai, Maharashtra - 400037"
14,Sanya Ghosh,593,DJBPG5002L,6278 4980 8412,"Plot No. 112, Green Park, Baner, Pune, Maharashtra - 411046"
15,Tanvi Dutta,891,SFQPD5325Q,9401 6400 5242,"Row House 14, Whispering Woods, Malviya Nagar, Jaipur, Rajasthan - 302024"
16,Anita Yadav,854,RDAPY7049S,4620 4505 3315,"B-108, Sagar Classic, Palasia, Indore, Madhya Pradesh - 452040"
17,Dev Tiwari,699,VWAPT6442Z,8342 1607 3375,"House #45, 2nd Main Road, Malleshwaram, Bengaluru, Karnataka - 560034"
18,Prashant Jain,710,HBUPJ6753U,8850 1429 4019,"Row House 14, Whispering Woods, Mahanagar, Lucknow, Uttar Pradesh - 226024"
19,Pradeep Patel,707,EBLPP9518Z,5561 5951 4846,"Plot No. 112, Green Park, Viman Nagar, Pune, Maharashtra - 411063"
20,Vishal Kapoor,691,RXQPK5930M,2443 6995 7773,"Flat 302, Lotus Enclave, Kukatpally, Hyderabad, Telangana - 500094"
21,Vidya Rao,719,IVTPR6085H,5200 3791 7693,"House #89, Defence Colony, New Town, Kolkata, West Bengal - 700028"
22,Vikram Sen,741,ATUPS2746Y,8328 7083 1727,"B-108, Sagar Classic, Anna Nagar, Chennai, Tamil Nadu - 600088"
23,Sanya Khanna,739,VOXPK8777O,6348 7347 1434,"Flat 302, Lotus Enclave, Viman Nagar, Pune, Maharashtra - 411039"
24,Pradeep Sen,826,DFKPS6421R,9603 6690 9670,"Flat 6B, Mayflower Court, Dum Dum, Kolkata, West Bengal - 700079"
25,Tanvi Ganguly,687,MHMPG7371K,8272 9806 9901,"Flat 12A, Golden Rays, Kothrud, Pune, Maharashtra - 411043"
26,Pooja Iyer,801,FITPI7211I,8417 0805 3100,"Flat 101, Shanti Niketan, Hazratganj, Lucknow, Uttar Pradesh - 226040"
27,Bhavna Malhotra,718,ROFPM5198Y,7299 1241 9049,"Flat 6B, Mayflower Court, Palasia, Indore, Madhya Pradesh - 452019"
28,Suraj Sen,777,VGSPS5941V,3905 8651 8506,"Row House 14, Whispering Woods, Besant Nagar, Chennai, Tamil Nadu - 600068"
29,Deepika Khanna,718,ENQPK9817Y,9769 4531 4737,"A-301, Silver Heights, Jayanagar, Bengaluru, Karnataka - 560051"
30,Geeta Mehta,773,FUIPM5526R,2831 3678 3777,"Villa 7, Palm Meadows, Rohini Sector 7, New Delhi, Delhi - 110098"
31,Kavita Gupta,797,RJOPG6632N,7574 4431 3518,"C-44, Sector 62, Lajpat Nagar, New Delhi, Delhi - 110071"
32,Lakshmi Shukla,596,PTPPS2647G,6352 4082 4008,"House #89, Defence Colony, Andheri West, Mumbai, Maharashtra - 400083"
33,Madhav Malhotra,780,MIZPM5136P,3167 1902 2941,"Plot No. 112, Green Park, Marine Drive, Kochi, Kerala - 682087"
34,Swati Surana,650,QUJPS8253J,8499 0913 3412,"Flat 302, Lotus Enclave, Kothrud, Pune, Maharashtra - 411062"
35,Rashmi Sen,768,PHGPS5632W,9134 9361 8324,"Flat 204, Royal Palms, Baner, Pune, Maharashtra - 411086"
36,Sneha Grover,897,LMHPG7594I,9719 0659 4013,"Flat 3A, Gulmohar Enclave, Malleshwaram, Bengaluru, Karnataka - 560044"
37,Sonam Bhat,733,TENPB8245I,4967 1756 5512,"Villa 7, Palm Meadows, Sector 8, Chandigarh, Chandigarh - 160080"
38,Amit Kumar,650,CGDPK7622Q,2876 0385 9770,"Flat 502, Green Glen Apartments, Madhapur, Hyderabad, Telangana - 500099"
39,Sameer Chauhan,723,AQUPC3594J,2861 3171 2748,"House #89, Defence Colony, Satellite, Ahmedabad, Gujarat - 380068"
40,Siddharth Das,731,JXNPD3236C,6658 4044 9972,"B-202, Sunshine Apartments, Mylapore, Chennai, Tamil Nadu - 600079"
41,Pooja Kumar,745,YWZPK4912S,8360 5766 2702,"A-301, Silver Heights, Borivali East, Mumbai, Maharashtra - 400022"
42,Shikha Kumar,335,ADWPK3529C,9459 6158 6578,"House #45, 2nd Main Road, Sector 22, Chandigarh, Chandigarh - 160039"
43,Ansh Khanna,742,ZTSPK2646O,4400 5045 5623,"B-12, Sector 15, Viman Nagar, Pune, Maharashtra - 411020"
44,Tarun Verma,826,JRMPV3344H,9474 0748 2175,"Row House 14, Whispering Woods, Saket Nagar, Indore, Madhya Pradesh - 452068"
45,Meera Dubey,823,ZWCPD7248S,7944 0640 9097,"House #45, 2nd Main Road, Aliganj, Lucknow, Uttar Pradesh - 226038"
46,Vidya Dubey,596,QRSPD3240U,3047 0952 1456,"Plot No. 112, Green Park, Mylapore, Chennai, Tamil Nadu - 600074"
47,Kunal Trivedi,595,EXYPT5835X,7171 2368 5160,"Flat 12A, Golden Rays, Besant Nagar, Chennai, Tamil Nadu - 600096"
48,Krishna Pillai,319,JQJPP4830P,2985 9317 4612,"Villa 7, Palm Meadows, Navrangpura, Ahmedabad, Gujarat - 380022"
49,Karan Yadav,842,NKJPY9850N,4617 9640 5377,"Flat 405, Prestige Towers, Sector 22, Chandigarh, Chandigarh - 160079"
50,Vikas Jha,699,BHZPJ8450C,5900 5329 3183,"A-301, Silver Heights, Edappally, Kochi, Kerala - 682086"
51,Aarav Goel,515,WDDPG5106Z,4102 0539 5024,"Flat 504, Windsor Manor, Juhu, Mumbai, Maharashtra - 400018"
52,Rohit Kulkarni,341,UNCPK9254H,2847 0076 6177,"A-301, Silver Heights, Hazratganj, Lucknow, Uttar Pradesh - 226018"
53,Bhavna Goel,728,QPSPG7240T,6789 6118 3673,"Flat 6B, Mayflower Court, Behala, Kolkata, West Bengal - 700022"
54,Mukesh Khanna,685,IGYPK8770C,3116 1528 0988,"Row House 14, Whispering Woods, Besant Nagar, Chennai, Tamil Nadu - 600064"
55,Ananya Grover,892,PJPPG4485E,9315 8514 9368,"Flat 101, Shanti Niketan, Aliganj, Lucknow, Uttar Pradesh - 226013"
56,Geeta Goel,717,SIIPG1100F,4961 2018 3667,"Villa 7, Palm Meadows, Saket Nagar, Indore, Madhya Pradesh - 452082"
57,Swati Chakraborty,684,WETPC1815V,3476 7976 4381,"Villa 7, Palm Meadows, Sector 43, Chandigarh, Chandigarh - 160072"
58,Shikha Roy,648,IFZPR1897A,5432 4451 0762,"House #45, 2nd Main Road, Raja Park, Jaipur, Rajasthan - 302095"
59,Nitin Bose,867,KTLPB8532C,7969 6641 6052,"B-202, Sunshine Apartments, Borivali East, Mumbai, Maharashtra - 400023"
60,Kavita Khanna,787,PNKPK6083X,7352 1818 8355,"House #45, 2nd Main Road, Bandra, Mumbai, Maharashtra - 400042"
61,Himanshu Dixit,708,PTRPD3902Y,9799 7995 5271,"Plot 18, Lakeview Residency, Gomti Nagar, Lucknow, Uttar Pradesh - 226055"
62,Sanya Bose,730,ILBPB5703C,3998 6798 0793,"Flat 504, Windsor Manor, Kothrud, Pune, Maharashtra - 411067"
63,Arjun Tiwari,713,XISPT9266U,4037 7889 2554,"B-108, Sagar Classic, Malleshwaram, Bengaluru, Karnataka - 560092"
64,Neha Bose,712,IOKPB5128X,4519 2546 2914,"Flat 502, Green Glen Apartments, Sector 43, Chandigarh, Chandigarh - 160021"
65,Vikas Roy,472,LJJPR3953G,7733 2214 1888,"B-108, Sagar Classic, Wakad, Pune, Maharashtra - 411058"
66,Deepika Deshmukh,730,ESQPD3712X,9065 3794 7383,"C-44, Sector 62, Besant Nagar, Chennai, Tamil Nadu - 600083"
67,Rakesh Kumar,382,UUNPK7859F,5924 0758 1814,"Plot 18, Lakeview Residency, Prahlad Nagar, Ahmedabad, Gujarat - 380028"
68,Rajesh Chakraborty,835,YFLPC6727A,8068 5361 5305,"Flat 502, Green Glen Apartments, Kothrud, Pune, Maharashtra - 411046"
69,Rohit Sen,610,VTMPS1086C,2432 8986 1434,"Row House 14, Whispering Woods, Sector 43, Chandigarh, Chandigarh - 160068"
70,Aniruddh Chauhan,716,VMNPC9443S,5246 0953 9621,"Flat 302, Lotus Enclave, Raja Park, Jaipur, Rajasthan - 302074"
71,Sanya Pandey,692,AWBPP7338L,6051 5319 5205,"Flat 12A, Golden Rays, Annapurna Road, Indore, Madhya Pradesh - 452090"
72,Geeta Tiwari,798,DSYPT1605J,5030 5486 8740,"Villa 7, Palm Meadows, T. Nagar, Chennai, Tamil Nadu - 600093"
73,Neha Goel,796,DJXPG8204M,7277 5841 6169,"Plot No. 112, Green Park, Gachibowli, Hyderabad, Telangana - 500023"
74,Ankita Iyer,690,RHPPI7981F,9570 5964 0165,"Flat 101, Shanti Niketan, Wakad, Pune, Maharashtra - 411096"
75,Rakesh Bhat,705,DGQPB6933M,2927 5571 9285,"House #45, 2nd Main Road, Andheri West, Mumbai, Maharashtra - 400033"
76,Sanjay Mukherjee,831,KOGPM5264W,9394 7312 1727,"B-202, Sunshine Apartments, Vijay Nagar, Indore, Madhya Pradesh - 452080"
77,Shreya Grover,740,XWSPG3852Z,7831 3237 0589,"Flat 502, Green Glen Apartments, Gomti Nagar, Lucknow, Uttar Pradesh - 226018"
78,Mohit Kaul,783,ZSNPK7708S,3251 7785 2892,"Row House 14, Whispering Woods, Malviya Nagar, Jaipur, Rajasthan - 302025"
79,Saurabh Das,745,HEYPD4694L,6143 8424 9818,"Flat 3A, Gulmohar Enclave, Viman Nagar, Pune, Maharashtra - 411094"
80,Umesh Shukla,708,XIYPS1674A,3094 3969 0784,"House #89, Defence Colony, Lajpat Nagar, New Delhi, Delhi - 110061"
81,Meera Kumar,610,BBLPK8933O,5592 5556 2588,"Flat 12A, Golden Rays, Powai, Mumbai, Maharashtra - 400067"
82,Kavita Das,501,CHJPD7850H,4595 3278 7747,"Flat 504, Windsor Manor, Satellite, Ahmedabad, Gujarat - 380037"
83,Suresh Jha,716,BHPPJ8710J,2162 4565 0609,"Plot No. 112, Green Park, Banjara Hills, Hyderabad, Telangana - 500059"
84,Sanya Kulkarni,319,THZPK2946E,3655 8523 9868,"Flat 502, Green Glen Apartments, Saket Nagar, Indore, Madhya Pradesh - 452070"
85,Saurabh Kumar,844,DXDPK6218F,8949 5888 7947,"A-301, Silver Heights, Sector 17, Chandigarh, Chandigarh - 160063"
86,Suresh Gupta,667,USRPG1436T,9499 3097 2896,"House #45, 2nd Main Road, HSR Layout, Bengaluru, Karnataka - 560099"
87,Ashok Dubey,738,AIDPD4340N,9028 3857 8652,"A-301, Silver Heights, C-Scheme, Jaipur, Rajasthan - 302096"
88,Yash Reddy,666,UGMPR5038I,6344 3757 5844,"Plot No. 112, Green Park, Park Street, Kolkata, West Bengal - 700054"
89,Deepak Grover,586,BYCPG8247U,6733 8484 2199,"Flat 504, Windsor Manor, Lajpat Nagar, New Delhi, Delhi - 110039"
90,Ananya Chatterjee,674,KSCPC3252A,4677 3454 0193,"B-12, Sector 15, New Town, Kolkata, West Bengal - 700014"
91,Pranav Surana,869,MYZPS5742B,2499 1547 8872,"Plot 18, Lakeview Residency, Connaught Place, New Delhi, Delhi - 110052"
92,Dev Shukla,597,LGEPS6523Z,6932 9668 5161,"House #89, Defence Colony, Adyar, Chennai, Tamil Nadu - 600010"
93,Krishna Kapoor,707,GTYPK5947S,2453 0174 2684,"B-202, Sunshine Apartments, Hazratganj, Lucknow, Uttar Pradesh - 226038"
94,Chetan Malhotra,650,DTPPM7813W,9833 9187 8519,"Flat 504, Windsor Manor, Hauz Khas, New Delhi, Delhi - 110078"
95,Deepika Deshmukh,709,INDPD4365W,9187 0728 6790,"Flat 101, Shanti Niketan, Ballygunge, Kolkata, West Bengal - 700010"
96,Ishaan Pillai,739,BLSPP9866B,3704 6226 5676,"Flat 502, Green Glen Apartments, Sector 22, Chandigarh, Chandigarh - 160025"
97,Gaurav Nair,594,KDZPN1056Y,2478 6863 3752,"Flat 204, Royal Palms, Marine Drive, Kochi, Kerala - 682088"
98,Abhinav Garg,746,FCAPG1797H,2673 8302 8439,"A-301, Silver Heights, Dwarka Sector 10, New Delhi, Delhi - 110028"
99,Vinay Mukherjee,738,FHBPM3869U,8870 5685 6624,"House #89, Defence Colony, Saket, New Delhi, Delhi - 110048"
100,Deepak Tiwari,493,MBKPT7824R,4634 3517 5183,"B-108, Sagar Classic, Gomti Nagar, Lucknow, Uttar Pradesh - 226019"
101,Harish Tiwari,706,TSOPT8854G,7403 3173 9363,"Flat 6B, Mayflower Court, Prahlad Nagar, Ahmedabad, Gujarat - 380093"
102,Nitin Gupta,744,GNMPG2615Z,9535 5609 3204,"Flat 3A, Gulmohar Enclave, Annapurna Road, Indore, Madhya Pradesh - 452047"
103,Deepika Dubey,888,IJVPD9180R,7477 7252 2872,"Flat 204, Royal Palms, Malviya Nagar, Jaipur, Rajasthan - 302019"
104,Vishal Bhattacharya,510,TKVPB4791C,4038 7509 9770,"Flat 101, Shanti Niketan, HSR Layout, Bengaluru, Karnataka - 560045"
105,Shiv Grover,721,AVRPG3937D,3823 3984 5461,"Flat 12A, Golden Rays, Hazratganj, Lucknow, Uttar Pradesh - 226099"
106,Jatin Gupta,682,RWQPG1519C,8668 7002 1765,"Flat 504, Windsor Manor, Koramangala, Bengaluru, Karnataka - 560037"
107,Yuvraj Yadav,629,OHYPY5593R,2250 3926 1429,"Plot No. 112, Green Park, Anna Nagar, Chennai, Tamil Nadu - 600027"
108,Yuvraj Shukla,650,CTIPS2600N,5159 9965 0477,"Flat 6B, Mayflower Court, New Town, Kolkata, West Bengal - 700097"
109,Suresh Roy,863,JUHPR5037W,3142 6265 5110,"B-202, Sunshine Apartments, Panampilly Nagar, Kochi, Kerala - 682023"
110,Bhavna Chakraborty,680,ELOPC7685D,2158 1995 6046,"Plot No. 112, Green Park, Hauz Khas, New Delhi, Delhi - 110076"
111,Divya Saxena,695,JDHPS9079E,3264 6471 5437,"Flat 12A, Golden Rays, Bandra, Mumbai, Maharashtra - 400048"
112,Aarav Kaul,824,IQUPK6399O,7692 4593 7526,"House #89, Defence Colony, Hazratganj, Lucknow, Uttar Pradesh - 226051"
113,Pooja Goel,664,VKCPG4273S,4807 3741 6724,"Flat 502, Green Glen Apartments, Annapurna Road, Indore, Madhya Pradesh - 452058"
114,Anita Kulkarni,504,ZMKPK9300W,8805 8911 3529,"A-301, Silver Heights, Marine Drive, Kochi, Kerala - 682023"
115,Aaditya Chatterjee,771,GNNPC4621O,7679 8250 7146,"Flat 405, Prestige Towers, Palasia, Indore, Madhya Pradesh - 452054"
116,Mohit Jain,740,LFMPJ8801D,9751 4010 5123,"B-12, Sector 15, Mylapore, Chennai, Tamil Nadu - 600064"
117,Rohan Ganguly,738,UQEPG8080M,2937 9660 3341,"B-12, Sector 15, Velachery, Chennai, Tamil Nadu - 600035"
118,Ritu Chauhan,687,GWNPC6134T,8969 1557 9249,"A-301, Silver Heights, Bandra, Mumbai, Maharashtra - 400049"
119,Ashok Dixit,727,JDKPD3258S,8627 8282 7422,"B-108, Sagar Classic, Whitefield, Bengaluru, Karnataka - 560011"
120,Sameer Chopra,616,FJOPC9109N,9677 2190 3404,"B-12, Sector 15, Marine Drive, Kochi, Kerala - 682082"
121,Sanjay Pandey,772,NOGPP9898L,2783 6134 0745,"Flat 12A, Golden Rays, Bandra, Mumbai, Maharashtra - 400036"
122,Suraj Sen,824,JSQPS3719T,4330 9584 9825,"Villa 7, Palm Meadows, Aliganj, Lucknow, Uttar Pradesh - 226075"
123,Vivek Tripathi,679,CZUPT1971I,4232 5367 2946,"Flat 302, Lotus Enclave, Dum Dum, Kolkata, West Bengal - 700045"
124,Yuvraj Yadav,836,JYIPY1040Y,3751 8636 3745,"Plot No. 112, Green Park, Hazratganj, Lucknow, Uttar Pradesh - 226082"
125,Sameer Surana,820,IRBPS2631U,9012 7706 3242,"Flat 302, Lotus Enclave, Sector 22, Chandigarh, Chandigarh - 160042"
126,Ankita Joshi,671,RQBPJ6005X,5611 0371 2938,"Flat 101, Shanti Niketan, Saket Nagar, Indore, Madhya Pradesh - 452025"
127,Rahul Sen,726,DBJPS2678D,7542 6221 8909,"B-202, Sunshine Apartments, Palasia, Indore, Madhya Pradesh - 452090"
128,Deepika Khan,747,QLFPK2646E,3965 6523 4138,"Villa 7, Palm Meadows, Kakkanad, Kochi, Kerala - 682094"
129,Meera Dutta,783,NNTPD5842U,2376 1379 1805,"Flat 6B, Mayflower Court, Indira Nagar, Lucknow, Uttar Pradesh - 226056"
130,Shreya Saxena,680,EMZPS2195A,3043 0068 4866,"Plot No. 112, Green Park, Raja Park, Jaipur, Rajasthan - 302029"
131,Lakshmi Chakraborty,747,INFPC3545R,7691 4630 3161,"Flat 204, Royal Palms, Hitec City, Hyderabad, Telangana - 500094"
132,Gaurav Chauhan,653,ADAPC9133L,6252 4105 6481,"Flat 302, Lotus Enclave, Vastrapur, Ahmedabad, Gujarat - 380075"
133,Pallavi Bhattacharya,689,MOJPB5179Y,3913 8000 3075,"B-12, Sector 15, HSR Layout, Bengaluru, Karnataka - 560093"
134,Priyanka Ganguly,829,IKSPG5444C,7180 2380 6174,"A-301, Silver Heights, Dadar, Mumbai, Maharashtra - 400068"
135,Aaditya Joshi,671,FOHPJ4974O,7973 8320 6038,"A-301, Silver Heights, Malleshwaram, Bengaluru, Karnataka - 560058"
136,Mohit Chatterjee,630,FZKPC1981E,6103 8657 1918,"Flat 302, Lotus Enclave, Mahanagar, Lucknow, Uttar Pradesh - 226017"
137,Rajesh Roy,637,ZGGPR6161Z,8557 4313 2912,"Flat 12A, Golden Rays, Anna Nagar, Chennai, Tamil Nadu - 600025"
138,Shiv Jha,708,ZFIPJ5341D,3249 0352 1356,"Plot 18, Lakeview Residency, Kothrud, Pune, Maharashtra - 411061"
139,Rashmi Pandey,333,TGMPP3290D,2032 3651 9941,"C-44, Sector 62, Sector 8, Chandigarh, Chandigarh - 160026"
140,Ansh Varma,637,VIBPV8552B,4966 7066 2532,"Flat 502, Green Glen Apartments, HSR Layout, Bengaluru, Karnataka - 560089"
141,Tarun Garg,732,QMWPG8848B,3462 6383 8065,"B-202, Sunshine Apartments, Mahanagar, Lucknow, Uttar Pradesh - 226051"
142,Pradeep Goel,806,EIFPG5602B,9859 3213 3480,"Flat 3A, Gulmohar Enclave, Marine Drive, Kochi, Kerala - 682055"
143,Gaurav Dixit,328,GITPD6878S,2599 2937 8427,"House #45, 2nd Main Road, Hazratganj, Lucknow, Uttar Pradesh - 226012"
144,Shikha Malhotra,720,AXFPM3137K,4500 2921 8515,"Flat 3A, Gulmohar Enclave, Powai, Mumbai, Maharashtra - 400048"
145,Naveen Chopra,580,ZTLPC8982U,7289 5392 6442,"Flat 3A, Gulmohar Enclave, Dum Dum, Kolkata, West Bengal - 700014"
146,Geeta Prasad,668,IVPPP2705P,4513 5521 5704,"Flat 302, Lotus Enclave, Velachery, Chennai, Tamil Nadu - 600023"
147,Aarav Bhattacharya,620,KTZPB7783P,8586 1793 2710,"Plot 18, Lakeview Residency, Andheri West, Mumbai, Maharashtra - 400053"
148,Divya Yadav,740,JTOPY2525K,9062 9620 1533,"Plot No. 112, Green Park, Hitec City, Hyderabad, Telangana - 500046"
149,Meera Garg,617,CKOPG9043E,2506 1497 3103,"Flat 302, Lotus Enclave, Navrangpura, Ahmedabad, Gujarat - 380049"
150,Pranav Malhotra,894,MRCPM9914M,4565 2704 7743,"Flat 204, Royal Palms, Aundh, Pune, Maharashtra - 411095"
151,Archana Chakraborty,758,RVKPC4727R,2686 8793 7416,"Flat 504, Windsor Manor, Mahanagar, Lucknow, Uttar Pradesh - 226083"
152,Vivek Rao,503,DYLPR3738G,5206 1632 9451,"Plot No. 112, Green Park, Velachery, Chennai, Tamil Nadu - 600076"
153,Ritu Verma,855,ASPPV7874D,8229 9911 9148,"Plot 18, Lakeview Residency, Behala, Kolkata, West Bengal - 700072"
154,Sonam Prasad,775,MEKPP7581B,8530 7450 5444,"House #45, 2nd Main Road, Baner, Pune, Maharashtra - 411066"
155,Naveen Goel,884,SPCPG8237G,8785 0821 4862,"Flat 3A, Gulmohar Enclave, Koramangala, Bengaluru, Karnataka - 560034"
156,Himanshu Trivedi,730,BABPT6904W,5457 8610 3579,"Flat 3A, Gulmohar Enclave, C-Scheme, Jaipur, Rajasthan - 302054"
157,Dev Trivedi,752,XTRPT5670A,8029 3333 4680,"House #89, Defence Colony, Aundh, Pune, Maharashtra - 411032"
158,Swati Tiwari,670,AGUPT6004W,6665 7437 4896,"Flat 504, Windsor Manor, Sector 22, Chandigarh, Chandigarh - 160081"
159,Vikas Prasad,687,PHCPP2045K,6544 4328 3096,"Flat 101, Shanti Niketan, Sector 8, Chandigarh, Chandigarh - 160047"
160,Krishna Khan,613,KTPPK4111K,5875 8428 2417,"Plot No. 112, Green Park, Edappally, Kochi, Kerala - 682097"
161,Neha Reddy,399,CJTPR6031N,7549 4717 0999,"Flat 504, Windsor Manor, Juhu, Mumbai, Maharashtra - 400058"
162,Shikha Gupta,440,KWDPG4281K,8972 5217 5250,"C-44, Sector 62, Edappally, Kochi, Kerala - 682083"
163,Dev Mehta,885,UUDPM8105U,8667 6008 3505,"C-44, Sector 62, Malleshwaram, Bengaluru, Karnataka - 560010"
164,Varun Shukla,725,GSIPS3112D,8894 2104 4789,"Flat 502, Green Glen Apartments, Anna Nagar, Chennai, Tamil Nadu - 600055"
165,Harish Deshmukh,746,YXKPD4742H,4309 8215 0648,"Flat 204, Royal Palms, Sector 17, Chandigarh, Chandigarh - 160093"
166,Abhinav Bhattacharya,683,RKJPB9966I,9230 4618 4992,"Flat 504, Windsor Manor, Vijay Nagar, Indore, Madhya Pradesh - 452046"
167,Ashok Surana,345,CFFPS5308Q,5564 2087 3753,"Flat 405, Prestige Towers, Indira Nagar, Lucknow, Uttar Pradesh - 226029"
168,Ansh Srivastava,684,NSCPS5192U,5744 7012 0455,"Flat 405, Prestige Towers, Kakkanad, Kochi, Kerala - 682011"
169,Chetan Roy,691,QIXPR5395X,3552 1667 4676,"Flat 405, Prestige Towers, Aundh, Pune, Maharashtra - 411017"
170,Dev Chatterjee,620,KPUPC8178F,8590 2771 6701,"Flat 101, Shanti Niketan, Palasia, Indore, Madhya Pradesh - 452095"
171,Nidhi Mukherjee,551,NSCPM5072P,7628 9002 8772,"A-301, Silver Heights, Dwarka Sector 10, New Delhi, Delhi - 110045"
172,Ananya Mishra,674,FQKPM4850C,9797 1775 1701,"Plot No. 112, Green Park, Malviya Nagar, Jaipur, Rajasthan - 302021"
173,Tanvi Rao,413,QXOPR8474K,7037 5899 7571,"Flat 101, Shanti Niketan, Velachery, Chennai, Tamil Nadu - 600091"
174,Manish Pandey,683,NSBPP3689P,4614 9331 6373,"Row House 14, Whispering Woods, Malleshwaram, Bengaluru, Karnataka - 560096"
175,Suraj Chauhan,782,ULRPC9260E,9080 8697 8292,"Flat 405, Prestige Towers, Behala, Kolkata, West Bengal - 700086"
176,Tanvi Yadav,740,IWKPY5067I,8547 2269 8485,"C-44, Sector 62, Saket, New Delhi, Delhi - 110089"
177,Manish Saxena,673,IRZPS3913Q,7158 7996 8460,"Flat 6B, Mayflower Court, Kothrud, Pune, Maharashtra - 411095"
178,Anil Dubey,735,GUZPD5105E,2438 0571 9838,"Villa 7, Palm Meadows, Vijay Nagar, Indore, Madhya Pradesh - 452058"
179,Pradeep Khan,679,YZIPK1881A,6397 3598 9334,"B-12, Sector 15, Aundh, Pune, Maharashtra - 411075"
180,Ayush Kapoor,743,BHGPK3636S,6057 2025 9094,"Plot No. 112, Green Park, T. Nagar, Chennai, Tamil Nadu - 600050"
181,Shikha Ganguly,741,YNUPG3611N,8153 3555 4398,"Flat 101, Shanti Niketan, Juhu, Mumbai, Maharashtra - 400054"
182,Rashmi Garg,675,XPQPG1653V,7616 4840 8588,"Villa 7, Palm Meadows, Sector 35, Chandigarh, Chandigarh - 160051"
183,Sarita Chakraborty,712,YEYPC9814R,2133 6138 6120,"Flat 204, Royal Palms, Andheri West, Mumbai, Maharashtra - 400016"
184,Gaurav Surana,899,GBVPS5237N,8766 5061 8091,"Flat 204, Royal Palms, Vijay Nagar, Indore, Madhya Pradesh - 452055"
185,Sanya Chatterjee,786,HRPPC5612Y,9660 7283 2684,"Villa 7, Palm Meadows, Sector 22, Chandigarh, Chandigarh - 160011"
186,Siddharth Verma,799,ODAPV7456R,3435 3682 2239,"Flat 405, Prestige Towers, Aundh, Pune, Maharashtra - 411082"
187,Ananya Varma,694,TZOPV2198J,3413 9755 2314,"A-301, Silver Heights, Vastrapur, Ahmedabad, Gujarat - 380052"
188,Tarun Roy,868,HPOPR6971Z,7620 5336 4525,"Flat 12A, Golden Rays, Velachery, Chennai, Tamil Nadu - 600072"
189,Siddharth Chatterjee,891,EPVPC3293R,5411 0809 9693,"Plot 18, Lakeview Residency, Raja Park, Jaipur, Rajasthan - 302070"
190,Vikram Srivastava,600,DKXPS5767E,9881 6580 3928,"B-12, Sector 15, Mahanagar, Lucknow, Uttar Pradesh - 226094"
191,Deepak Singh,465,TYBPS8989H,3453 0385 6770,"Flat 405, Prestige Towers, Saket Nagar, Indore, Madhya Pradesh - 452043"
192,Suresh Nair,862,OJJPN2275Q,6638 6557 7908,"B-12, Sector 15, Connaught Place, New Delhi, Delhi - 110075"
193,Vikas Goel,596,FEJPG2938V,5651 7773 9260,"Flat 3A, Gulmohar Enclave, Hazratganj, Lucknow, Uttar Pradesh - 226027"
194,Varun Mishra,632,BOBPM5231F,8990 4137 9772,"B-108, Sagar Classic, Wakad, Pune, Maharashtra - 411033"
195,Umesh Roy,692,NERPR8429T,3366 2103 8862,"House #89, Defence Colony, Mahanagar, Lucknow, Uttar Pradesh - 226014"
196,Shiv Mishra,897,TCRPM9835A,8865 0863 7659,"Flat 405, Prestige Towers, New Town, Kolkata, West Bengal - 700042"
197,Sachin Srivastava,683,GWHPS9908N,6300 9818 0635,"Flat 502, Green Glen Apartments, Behala, Kolkata, West Bengal - 700084"
198,Kishore Ghosh,897,WLJPG5514V,8368 8725 8874,"B-202, Sunshine Apartments, Marine Drive, Kochi, Kerala - 682027"
199,Vinay Chauhan,746,TLSPC3650D,5865 8902 6012,"Row House 14, Whispering Woods, Andheri West, Mumbai, Maharashtra - 400043"
200,Jatin Joshi,880,CAJPJ7564T,6902 7703 8430,"Flat 504, Windsor Manor, Palasia, Indore, Madhya Pradesh - 452088"
201,Divya Saxena,651,AGAPS3579C,6656 6938 0118,"Flat 3A, Gulmohar Enclave, Velachery, Chennai, Tamil Nadu - 600045"
202,Jatin Prasad,897,ZLKPP1076I,4681 8184 5184,"Plot 18, Lakeview Residency, Annapurna Road, Indore, Madhya Pradesh - 452058"
203,Sneha Malhotra,882,UTYPM8517V,9907 1416 3356,"Plot No. 112, Green Park, Malleshwaram, Bengaluru, Karnataka - 560043"
204,Kavita Grover,817,CRVPG2245R,4755 3942 3733,"C-44, Sector 62, Saket, New Delhi, Delhi - 110041"
205,Umesh Jha,880,ECXPJ9071T,2807 5957 9472,"Plot 18, Lakeview Residency, New Town, Kolkata, West Bengal - 700083"
206,Bhavna Bhattacharya,711,NLYPB1533Q,7627 1875 0036,"B-202, Sunshine Apartments, Aliganj, Lucknow, Uttar Pradesh - 226033"
207,Siddharth Ghosh,808,GMPPG6995F,9636 5564 7292,"Flat 405, Prestige Towers, Saket Nagar, Indore, Madhya Pradesh - 452040"
208,Simran Khanna,762,WFUPK3450P,2267 2885 7448,"Flat 6B, Mayflower Court, Juhu, Mumbai, Maharashtra - 400030"
209,Anil Dutta,800,VMQPD8370X,7455 8845 0615,"Flat 3A, Gulmohar Enclave, Mahanagar, Lucknow, Uttar Pradesh - 226032"
210,Madhav Jha,475,INUPJ8322C,8947 2256 9961,"House #45, 2nd Main Road, Velachery, Chennai, Tamil Nadu - 600093"
211,Manish Sharma,630,GQHPS8289Y,7987 6220 2341,"Flat 405, Prestige Towers, Andheri West, Mumbai, Maharashtra - 400070"
212,Siddharth Bhattacharya,691,AKTPB2363D,6921 6433 4722,"Flat 101, Shanti Niketan, Malleshwaram, Bengaluru, Karnataka - 560055"
213,Naveen Verma,873,MZOPV5463R,9282 9979 6884,"Plot No. 112, Green Park, Connaught Place, New Delhi, Delhi - 110066"
214,Mohit Joshi,670,KEAPJ9574Y,4547 8077 4064,"Plot No. 112, Green Park, Adyar, Chennai, Tamil Nadu - 600062"
215,Simran Khanna,588,KETPK7385M,5416 3894 4846,"B-12, Sector 15, Baner, Pune, Maharashtra - 411024"
216,Vidya Kumar,599,QHQPK4076K,2208 0214 4270,"Flat 101, Shanti Niketan, Satellite, Ahmedabad, Gujarat - 380053"
217,Priyanka Gupta,781,UMJPG1519K,3204 6187 2346,"House #45, 2nd Main Road, Park Street, Kolkata, West Bengal - 700041"
218,Amit Dubey,676,LUNPD4415P,8452 0881 4743,"C-44, Sector 62, Bandra, Mumbai, Maharashtra - 400091"
219,Rajesh Iyer,473,AUPPI7484Z,5009 7925 1327,"Flat 204, Royal Palms, Whitefield, Bengaluru, Karnataka - 560092"
220,Deepika Sen,669,NCMPS6189R,7730 6524 0778,"House #89, Defence Colony, Hauz Khas, New Delhi, Delhi - 110033"
221,Shreya Jha,716,IMWPJ3627C,4744 8570 8620,"B-108, Sagar Classic, Dwarka Sector 10, New Delhi, Delhi - 110018"
222,Vinay Nair,642,VERPN3525T,6565 1181 0220,"C-44, Sector 62, Andheri West, Mumbai, Maharashtra - 400083"
223,Vikas Trivedi,856,KMQPT5193B,7391 0371 7058,"B-202, Sunshine Apartments, Kakkanad, Kochi, Kerala - 682088"
224,Kunal Mukherjee,856,BBHPM4537Q,3138 6338 3928,"Flat 405, Prestige Towers, Panampilly Nagar, Kochi, Kerala - 682096"
225,Ritu Sen,725,RWEPS3955R,8852 8975 5855,"A-301, Silver Heights, Hazratganj, Lucknow, Uttar Pradesh - 226082"
226,Shreya Dutta,804,JOTPD6898O,9600 4908 2404,"A-301, Silver Heights, Malleshwaram, Bengaluru, Karnataka - 560045"
227,Siddharth Mishra,697,OYEPM1618O,7224 5933 4419,"Flat 302, Lotus Enclave, Saket Nagar, Indore, Madhya Pradesh - 452071"
228,Gaurav Mehta,752,VROPM2562T,6096 1055 6613,"Flat 6B, Mayflower Court, Whitefield, Bengaluru, Karnataka - 560077"
229,Amrita Iyer,590,ODNPI4617E,2679 9813 6462,"House #89, Defence Colony, Gomti Nagar, Lucknow, Uttar Pradesh - 226080"
230,Prashant Ghosh,614,CNUPG3136Y,4783 7693 8983,"Row House 14, Whispering Woods, Besant Nagar, Chennai, Tamil Nadu - 600083"
231,Ansh Chauhan,689,RLJPC6254L,2425 9792 7033,"Flat 302, Lotus Enclave, Juhu, Mumbai, Maharashtra - 400016"
232,Kavita Rao,890,YWVPR1225K,3477 0538 3388,"House #89, Defence Colony, Hazratganj, Lucknow, Uttar Pradesh - 226098"
233,Zara Roy,716,APRPR1712I,4043 9407 0164,"Flat 405, Prestige Towers, Whitefield, Bengaluru, Karnataka - 560093"
234,Pradeep Ganguly,690,ZNSPG6168P,3238 7800 3845,"Flat 101, Shanti Niketan, Besant Nagar, Chennai, Tamil Nadu - 600055"
235,Nitin Rathore,883,HZZPR5519Z,2460 8432 5621,"B-108, Sagar Classic, Sector 35, Chandigarh, Chandigarh - 160063"
236,Karan Patel,742,DZXPP6395O,4329 8324 8262,"B-12, Sector 15, T. Nagar, Chennai, Tamil Nadu - 600081"
237,Shiv Shukla,818,DIWPS1483Y,7664 7423 1220,"B-108, Sagar Classic, Mahanagar, Lucknow, Uttar Pradesh - 226039"
238,Swati Ganguly,753,GACPG8808E,9526 7722 3306,"Plot 18, Lakeview Residency, New Town, Kolkata, West Bengal - 700095"
239,Himanshu Sinha,896,FEYPS8197T,9573 6609 6569,"B-108, Sagar Classic, Raja Park, Jaipur, Rajasthan - 302092"
240,Amit Mukherjee,724,CLWPM5025Q,8086 8034 7644,"Villa 7, Palm Meadows, Gomti Nagar, Lucknow, Uttar Pradesh - 226098"
241,Saurabh Das,801,MQCPD9202D,4982 6657 0279,"Flat 12A, Golden Rays, Powai, Mumbai, Maharashtra - 400051"
242,Yuvraj Reddy,387,XUSPR3024C,3751 8689 2686,"A-301, Silver Heights, Hazratganj, Lucknow, Uttar Pradesh - 226030"
243,Deepak Dixit,876,TBIPD8311J,4123 0940 7778,"House #45, 2nd Main Road, Hauz Khas, New Delhi, Delhi - 110094"
244,Rohit Kumar,747,KCPPK5009R,6983 0220 5020,"Villa 7, Palm Meadows, T. Nagar, Chennai, Tamil Nadu - 600016"
245,Arjun Khan,685,ZEHPK3906O,7014 5561 6814,"Plot 18, Lakeview Residency, Mylapore, Chennai, Tamil Nadu - 600062"
246,Shikha Dutta,733,SPCPD9666C,9946 9548 9952,"Flat 504, Windsor Manor, Annapurna Road, Indore, Madhya Pradesh - 452073"
247,Geeta Yadav,403,PSZPY1025D,2713 9660 5583,"Villa 7, Palm Meadows, Banjara Hills, Hyderabad, Telangana - 500049"
248,Meera Mishra,728,OTCPM6460K,8990 2355 7702,"Plot No. 112, Green Park, Anna Nagar, Chennai, Tamil Nadu - 600062"
249,Anil Trivedi,719,NORPT9779A,5955 1240 5682,"B-12, Sector 15, Gomti Nagar, Lucknow, Uttar Pradesh - 226049"
250,Mukesh Sharma,731,AKMPS4893L,9438 4215 0317,"Flat 504, Windsor Manor, Viman Nagar, Pune, Maharashtra - 411053"
251,Sachin Shukla,675,WIIPS2609Q,4307 6810 4091,"Flat 405, Prestige Towers, C-Scheme, Jaipur, Rajasthan - 302012"
252,Sonam Sinha,683,IXIPS4154J,6857 1422 4109,"C-44, Sector 62, C-Scheme, Jaipur, Rajasthan - 302080"
253,Mukesh Goel,681,DSHPG5011F,3495 8702 0701,"Row House 14, Whispering Woods, New Town, Kolkata, West Bengal - 700086"
254,Suraj Rathore,698,VSQPR6119K,5817 9217 1747,"Flat 502, Green Glen Apartments, Aliganj, Lucknow, Uttar Pradesh - 226056"
255,Pranav Dixit,735,SRUPD6320O,9017 1577 2459,"Flat 405, Prestige Towers, Behala, Kolkata, West Bengal - 700023"
256,Naveen Pandey,725,QUNPP7566S,8393 8276 1539,"Flat 3A, Gulmohar Enclave, Panampilly Nagar, Kochi, Kerala - 682079"
257,Yuvraj Garg,847,ERTPG8972D,9581 7246 1919,"A-301, Silver Heights, Maninagar, Ahmedabad, Gujarat - 380094"
258,Anil Chakraborty,666,FDPPC1003Y,4278 4699 7335,"Villa 7, Palm Meadows, Behala, Kolkata, West Bengal - 700054"
259,Ansh Pillai,720,AZKPP3089J,2580 0851 4036,"A-301, Silver Heights, Annapurna Road, Indore, Madhya Pradesh - 452061"
260,Pooja Khanna,687,ORMPK4083R,8562 4220 1027,"Flat 302, Lotus Enclave, Aundh, Pune, Maharashtra - 411063"
261,Ritu Surana,810,SYQPS8444Q,8876 5326 9097,"Flat 504, Windsor Manor, Madhapur, Hyderabad, Telangana - 500079"
262,Sonam Joshi,679,AAMPJ7038D,9128 4781 8913,"Plot No. 112, Green Park, Panampilly Nagar, Kochi, Kerala - 682088"
263,Ananya Jain,744,NALPJ8687S,7654 4209 4940,"B-12, Sector 15, Gomti Nagar, Lucknow, Uttar Pradesh - 226094"
264,Manish Tiwari,788,TAMPT3077Q,3442 9444 0192,"Flat 12A, Golden Rays, Adyar, Chennai, Tamil Nadu - 600043"
265,Zara Garg,435,MUWPG6617C,4927 6637 2395,"Flat 405, Prestige Towers, Koramangala, Bengaluru, Karnataka - 560069"
266,Prashant Malhotra,760,HTTPM9724H,8674 2860 4765,"Flat 405, Prestige Towers, C-Scheme, Jaipur, Rajasthan - 302065"
267,Tarun Reddy,753,WIGPR2610I,8739 3852 5800,"Row House 14, Whispering Woods, Dadar, Mumbai, Maharashtra - 400023"
268,Yash Kulkarni,797,JSGPK1557A,3093 9111 9269,"Flat 405, Prestige Towers, Palasia, Indore, Madhya Pradesh - 452042"
269,Manish Kumar,817,RBLPK5528Y,8542 1406 6504,"B-12, Sector 15, Navrangpura, Ahmedabad, Gujarat - 380072"
270,Himanshu Rao,754,KQCPR9857Y,8391 7410 1194,"House #89, Defence Colony, Aundh, Pune, Maharashtra - 411091"
271,Aarav Bhat,648,RGSPB7411S,2877 6618 3067,"B-202, Sunshine Apartments, Besant Nagar, Chennai, Tamil Nadu - 600048"
272,Prashant Bhattacharya,715,QYCPB9759K,3743 2806 3461,"House #89, Defence Colony, Juhu, Mumbai, Maharashtra - 400066"
273,Harish Chopra,760,AAZPC4907P,8184 7870 0505,"Flat 6B, Mayflower Court, Bandra, Mumbai, Maharashtra - 400093"
274,Vishal Mukherjee,586,LRWPM3440X,5102 7079 0320,"Villa 7, Palm Meadows, Kakkanad, Kochi, Kerala - 682068"
275,Tarun Deshmukh,804,VBVPD2870P,5136 5651 9825,"Flat 204, Royal Palms, Hazratganj, Lucknow, Uttar Pradesh - 226052"
276,Aniruddh Chauhan,303,HTEPC7060R,4739 0219 6207,"B-12, Sector 15, Juhu, Mumbai, Maharashtra - 400093"
277,Suraj Yadav,643,HSUPY8798W,4324 8763 2909,"B-108, Sagar Classic, Juhu, Mumbai, Maharashtra - 400048"
278,Nikhil Khan,690,AGDPK9686D,7883 7340 3127,"Flat 204, Royal Palms, Malleshwaram, Bengaluru, Karnataka - 560056"
279,Madhav Dutta,711,LIUPD8424B,3082 2078 1137,"Row House 14, Whispering Woods, Lajpat Nagar, New Delhi, Delhi - 110096"
280,Naveen Ganguly,627,UICPG7759G,8317 9706 2397,"Flat 502, Green Glen Apartments, Maninagar, Ahmedabad, Gujarat - 380034"
281,Varun Jha,897,ZFDPJ1977I,4177 6253 4929,"Plot No. 112, Green Park, Connaught Place, New Delhi, Delhi - 110062"
282,Saurabh Mehta,675,WFMPM8581I,2633 5693 9290,"Flat 204, Royal Palms, Maninagar, Ahmedabad, Gujarat - 380074"
283,Amit Khanna,456,NMUPK2605O,9318 0632 5431,"B-12, Sector 15, Annapurna Road, Indore, Madhya Pradesh - 452083"
284,Suresh Bansal,696,ZMDPB7641F,7701 6580 4649,"Flat 302, Lotus Enclave, Aliganj, Lucknow, Uttar Pradesh - 226017"
285,Sarita Saxena,641,JBJPS8624T,2552 8183 2538,"Flat 3A, Gulmohar Enclave, Palasia, Indore, Madhya Pradesh - 452038"
286,Naveen Jha,678,XNKPJ1892C,7577 8817 8847,"C-44, Sector 62, Navrangpura, Ahmedabad, Gujarat - 380020"
287,Pranav Dixit,672,HYCPD5521D,4723 8046 8275,"Villa 7, Palm Meadows, Connaught Place, New Delhi, Delhi - 110012"
288,Jaya Trivedi,808,YQKPT6616U,7798 8774 9242,"House #89, Defence Colony, Velachery, Chennai, Tamil Nadu - 600016"
289,Deepak Jha,603,HYQPJ3634W,6222 2310 5927,"C-44, Sector 62, Malviya Nagar, Jaipur, Rajasthan - 302095"
290,Mukesh Jha,707,DLZPJ9743J,3067 2752 0885,"House #89, Defence Colony, Kukatpally, Hyderabad, Telangana - 500095"
291,Deepak Tiwari,328,OXLPT2840X,9028 1406 9375,"B-108, Sagar Classic, Sector 35, Chandigarh, Chandigarh - 160084"
292,Shikha Ganguly,724,UTFPG2369R,9186 3759 9805,"B-202, Sunshine Apartments, Ballygunge, Kolkata, West Bengal - 700011"
293,Madhav Jha,640,JZWPJ2435G,9674 2662 9912,"Flat 504, Windsor Manor, T. Nagar, Chennai, Tamil Nadu - 600085"
294,Pooja Chakraborty,741,AQHPC3865R,9923 2648 7049,"Flat 12A, Golden Rays, Connaught Place, New Delhi, Delhi - 110010"
295,Deepika Ghosh,742,HQQPG3034U,6627 3014 7195,"Row House 14, Whispering Woods, Hitec City, Hyderabad, Telangana - 500097"
296,Rohit Sen,715,VJTPS1287I,4902 5725 2045,"Flat 204, Royal Palms, Gachibowli, Hyderabad, Telangana - 500077"
297,Vidya Bose,565,NTEPB2548T,4855 4451 8952,"Villa 7, Palm Meadows, Anna Nagar, Chennai, Tamil Nadu - 600062"
298,Nidhi Deshmukh,883,CEFPD4087Z,3671 1207 5452,"A-301, Silver Heights, Aundh, Pune, Maharashtra - 411048"
299,Aditi Singh,355,VFWPS3332W,5423 2161 1076,"Flat 204, Royal Palms, Kakkanad, Kochi, Kerala - 682070"
300,Ayush Ghosh,690,BHAPG2581Z,3939 3250 1249,"Flat 504, Windsor Manor, Edappally, Kochi, Kerala - 682074"
301,Sneha Bose,683,CPAPB4555W,5428 0138 7592,"B-12, Sector 15, Anna Nagar, Chennai, Tamil Nadu - 600064"
302,Ishaan Mishra,728,FCZPM3025O,3827 5480 1571,"B-108, Sagar Classic, Saket Nagar, Indore, Madhya Pradesh - 452097"
303,Rakesh Ganguly,745,OHWPG4093C,9520 7167 8112,"Flat 405, Prestige Towers, Palasia, Indore, Madhya Pradesh - 452018"
304,Pallavi Dubey,688,IPZPD3011H,8749 9465 7967,"Flat 12A, Golden Rays, Andheri West, Mumbai, Maharashtra - 400042"
305,Sameer Mehta,736,GYAPM1865C,9026 9524 9911,"House #89, Defence Colony, Marine Drive, Kochi, Kerala - 682035"
306,Manish Roy,664,MNOPR9856R,2061 6756 7700,"Villa 7, Palm Meadows, Palasia, Indore, Madhya Pradesh - 452072"
307,Rajesh Chopra,706,IKTPC9037V,9782 8064 7969,"A-301, Silver Heights, Indiranagar, Bengaluru, Karnataka - 560085"
308,Amrita Chopra,745,VJTPC1440Y,7616 5565 0333,"Flat 302, Lotus Enclave, Vijay Nagar, Indore, Madhya Pradesh - 452049"
309,Ashok Jain,550,ENAPJ7921S,8407 9056 9659,"Flat 405, Prestige Towers, Palasia, Indore, Madhya Pradesh - 452053"
310,Sanjay Mishra,773,VREPM5907L,8371 8344 0496,"Flat 3A, Gulmohar Enclave, Dadar, Mumbai, Maharashtra - 400053"
311,Kunal Bose,740,ONLPB6690Z,3484 6853 6649,"B-12, Sector 15, Malleshwaram, Bengaluru, Karnataka - 560076"
312,Geeta Patel,678,MRVPP8656I,8908 3572 3246,"C-44, Sector 62, Ballygunge, Kolkata, West Bengal - 700046"
313,Vikas Deshmukh,583,GPKPD2860E,5034 7786 6032,"Plot 18, Lakeview Residency, Panampilly Nagar, Kochi, Kerala - 682094"
314,Siddharth Dixit,734,QBSPD1326B,3594 1651 6231,"Flat 405, Prestige Towers, Raja Park, Jaipur, Rajasthan - 302077"
315,Kishore Mehta,764,WGDPM6134K,8363 2123 4764,"House #89, Defence Colony, C-Scheme, Jaipur, Rajasthan - 302099"
316,Ashok Iyer,716,OMGPI5550Z,4575 4090 0348,"Flat 405, Prestige Towers, Vaishali Nagar, Jaipur, Rajasthan - 302066"
317,Pradeep Agarwal,722,XKZPA5186J,3343 2756 0417,"A-301, Silver Heights, Annapurna Road, Indore, Madhya Pradesh - 452022"
318,Dev Sen,684,GBKPS9973X,7700 2720 6345,"B-12, Sector 15, Hauz Khas, New Delhi, Delhi - 110093"
319,Bhavna Varma,896,PKYPV8397P,4429 5431 6526,"House #45, 2nd Main Road, Indiranagar, Bengaluru, Karnataka - 560081"
320,Vikas Rao,647,QXZPR4248I,4069 6942 1529,"Row House 14, Whispering Woods, Marine Drive, Kochi, Kerala - 682096"
321,Sanjay Chauhan,757,FFYPC5361J,9626 3934 3626,"Villa 7, Palm Meadows, Jubilee Hills, Hyderabad, Telangana - 500089"
322,Rashmi Garg,420,JRLPG1169P,4563 6694 1180,"House #89, Defence Colony, Mylapore, Chennai, Tamil Nadu - 600095"
323,Swati Sharma,783,TBGPS7241J,8528 0924 2875,"Flat 302, Lotus Enclave, Besant Nagar, Chennai, Tamil Nadu - 600077"
324,Rajesh Das,788,GIZPD9179I,7644 9485 6257,"Plot No. 112, Green Park, Sector 8, Chandigarh, Chandigarh - 160016"
325,Harish Das,787,BEMPD3679W,9617 0758 7771,"Flat 405, Prestige Towers, T. Nagar, Chennai, Tamil Nadu - 600036"
326,Madhav Dixit,685,VTVPD4479S,2892 6137 1504,"Flat 6B, Mayflower Court, Mylapore, Chennai, Tamil Nadu - 600023"
327,Naveen Das,822,ALSPD8861O,6905 0975 9230,"A-301, Silver Heights, Kakkanad, Kochi, Kerala - 682019"
328,Siddharth Prasad,783,JKEPP7535C,2326 6421 4764,"B-202, Sunshine Apartments, Sector 17, Chandigarh, Chandigarh - 160057"
329,Sarita Dubey,689,MXMPD7931C,8592 6610 8573,"House #89, Defence Colony, Raja Park, Jaipur, Rajasthan - 302020"
330,Manish Kumar,722,LXMPK3434E,6386 4908 1081,"Flat 405, Prestige Towers, Maninagar, Ahmedabad, Gujarat - 380082"
331,Kishore Jha,703,GCNPJ2866X,9226 0164 5977,"A-301, Silver Heights, Edappally, Kochi, Kerala - 682037"
332,Geeta Chakraborty,748,TPWPC2742N,2061 0277 6974,"B-202, Sunshine Apartments, Annapurna Road, Indore, Madhya Pradesh - 452048"
333,Ansh Chopra,684,DEVPC4083A,5723 6831 4727,"B-12, Sector 15, Aundh, Pune, Maharashtra - 411099"
334,Rakesh Mehta,504,MWPPM4298J,8050 1667 9984,"House #89, Defence Colony, Raja Park, Jaipur, Rajasthan - 302088"
335,Vivek Tripathi,447,WGBPT1311N,7814 6717 9576,"C-44, Sector 62, Bodakdev, Ahmedabad, Gujarat - 380066"
336,Jaya Mishra,600,FXIPM8675E,6665 7293 4172,"B-108, Sagar Classic, Navrangpura, Ahmedabad, Gujarat - 380063"
337,Sanjay Gupta,732,GOZPG6878I,7228 0156 1931,"Plot 18, Lakeview Residency, Velachery, Chennai, Tamil Nadu - 600015"
338,Simran Goel,595,XWWPG2706W,2771 1991 8081,"C-44, Sector 62, Adyar, Chennai, Tamil Nadu - 600047"
339,Rakesh Sinha,490,NTCPS6959K,4137 6037 5482,"Row House 14, Whispering Woods, Besant Nagar, Chennai, Tamil Nadu - 600095"
340,Kavita Das,461,TNUPD3260Z,8667 8507 2081,"Flat 6B, Mayflower Court, Edappally, Kochi, Kerala - 682065"
341,Anil Kaul,727,TRQPK1947U,6668 4550 4892,"C-44, Sector 62, Raja Park, Jaipur, Rajasthan - 302089"
342,Vikram Kulkarni,459,SXUPK7627Y,5410 8562 8843,"Flat 504, Windsor Manor, Besant Nagar, Chennai, Tamil Nadu - 600030"
343,Abhinav Bansal,580,XOGPB5979X,8810 5485 1017,"Flat 12A, Golden Rays, Adyar, Chennai, Tamil Nadu - 600084"
344,Sneha Sharma,842,XQNPS4831L,6492 6831 5893,"Flat 12A, Golden Rays, Bandra, Mumbai, Maharashtra - 400064"
345,Priya Chakraborty,875,CLDPC4519O,3586 9886 4976,"Row House 14, Whispering Woods, Viman Nagar, Pune, Maharashtra - 411074"
346,Bhavna Mehta,707,SDSPM9669D,5770 2851 9611,"Flat 204, Royal Palms, Vaishali Nagar, Jaipur, Rajasthan - 302025"
347,Pankaj Gupta,856,ZHMPG3340E,8044 3270 1851,"House #89, Defence Colony, Aliganj, Lucknow, Uttar Pradesh - 226082"
348,Rashmi Jain,630,UMSPJ3175Y,4877 7251 9966,"A-301, Silver Heights, Malviya Nagar, Jaipur, Rajasthan - 302095"
349,Rakesh Singh,640,HCEPS1406S,6818 1398 9098,"Flat 504, Windsor Manor, Indiranagar, Bengaluru, Karnataka - 560094"
350,Shiv Dixit,702,ZHFPD8278C,7690 7056 2608,"Flat 302, Lotus Enclave, Andheri West, Mumbai, Maharashtra - 400079"
351,Divya Grover,711,DGCPG6026N,4095 2004 6152,"Plot 18, Lakeview Residency, Salt Lake Sector V, Kolkata, West Bengal - 700016"
352,Himanshu Garg,754,TPMPG9264M,3405 7861 7063,"Plot 18, Lakeview Residency, Raja Park, Jaipur, Rajasthan - 302096"
353,Archana Garg,537,TQDPG7664O,3832 5823 8687,"B-108, Sagar Classic, Hitec City, Hyderabad, Telangana - 500031"
354,Aarav Bhattacharya,687,YMPPB7228L,5984 0289 1416,"Plot No. 112, Green Park, Madhapur, Hyderabad, Telangana - 500036"
355,Tarun Mishra,670,YIRPM6613U,6743 5537 9502,"B-108, Sagar Classic, Navrangpura, Ahmedabad, Gujarat - 380011"
356,Vivek Dixit,752,KXSPD7435R,3180 7156 9562,"Flat 405, Prestige Towers, Bodakdev, Ahmedabad, Gujarat - 380034"
357,Rakesh Agarwal,502,FAHPA6862G,3943 3750 4793,"Flat 405, Prestige Towers, Kukatpally, Hyderabad, Telangana - 500074"
358,Sanjay Deshmukh,651,OROPD3875C,4124 9384 3089,"Flat 12A, Golden Rays, Jayanagar, Bengaluru, Karnataka - 560092"
359,Vivek Reddy,670,BYLPR7666I,3877 5803 0468,"Flat 6B, Mayflower Court, Dwarka Sector 10, New Delhi, Delhi - 110020"
360,Sonam Tiwari,835,ATZPT7943C,5325 4110 7609,"Plot 18, Lakeview Residency, Connaught Place, New Delhi, Delhi - 110070"
361,Karan Jain,526,VVNPJ4878C,9179 1100 6512,"Flat 204, Royal Palms, Kukatpally, Hyderabad, Telangana - 500090"
362,Rajesh Bose,713,CBBPB7249M,3963 9907 6769,"Flat 101, Shanti Niketan, Prahlad Nagar, Ahmedabad, Gujarat - 380052"
363,Suraj Dubey,459,CASPD4172S,4845 6797 2320,"Flat 3A, Gulmohar Enclave, Dum Dum, Kolkata, West Bengal - 700093"
364,Nitin Gupta,695,PODPG8692J,7450 8920 3880,"C-44, Sector 62, Sector 35, Chandigarh, Chandigarh - 160018"
365,Nidhi Dubey,699,RSZPD6425S,7946 5217 0730,"Flat 12A, Golden Rays, Hazratganj, Lucknow, Uttar Pradesh - 226040"
366,Sachin Singh,744,TVUPS7158G,8205 0150 8124,"B-202, Sunshine Apartments, Indiranagar, Bengaluru, Karnataka - 560035"
367,Himanshu Grover,828,EXSPG6567R,5230 2410 2615,"Flat 12A, Golden Rays, Dwarka Sector 10, New Delhi, Delhi - 110057"
368,Vinay Deshmukh,812,YZZPD8106W,3122 3386 5596,"Flat 204, Royal Palms, Edappally, Kochi, Kerala - 682078"
369,Manish Surana,692,DGQPS5588E,9317 9128 6857,"A-301, Silver Heights, Saket Nagar, Indore, Madhya Pradesh - 452077"
370,Yuvraj Malhotra,627,SMGPM7569U,2333 7363 4669,"Plot 18, Lakeview Residency, Malviya Nagar, Jaipur, Rajasthan - 302027"
371,Ankita Grover,609,LJPPG8622Q,7677 6657 5460,"Plot 18, Lakeview Residency, Sector 17, Chandigarh, Chandigarh - 160055"
372,Ankita Grover,820,VNQPG5528H,3115 0835 3544,"C-44, Sector 62, Palasia, Indore, Madhya Pradesh - 452079"
373,Krishna Agarwal,869,UHJPA7616M,2782 6333 7389,"Flat 12A, Golden Rays, T. Nagar, Chennai, Tamil Nadu - 600050"
374,Harish Khanna,721,USFPK8372R,2529 2407 5536,"Plot No. 112, Green Park, Gachibowli, Hyderabad, Telangana - 500085"
375,Abhinav Patel,827,UXDPP6410S,8636 1863 7159,"Flat 302, Lotus Enclave, Kothrud, Pune, Maharashtra - 411096"
376,Siddharth Dixit,467,ARMPD4058G,3643 3481 7058,"Row House 14, Whispering Woods, New Town, Kolkata, West Bengal - 700024"
377,Bhavna Nair,580,KTKPN4382E,5467 2994 9387,"Flat 502, Green Glen Apartments, Navrangpura, Ahmedabad, Gujarat - 380061"
378,Tanvi Tiwari,659,GIOPT9043O,9901 4754 6926,"Row House 14, Whispering Woods, Vastrapur, Ahmedabad, Gujarat - 380094"
379,Geeta Sen,711,OKYPS4927F,6841 3768 1511,"Row House 14, Whispering Woods, Satellite, Ahmedabad, Gujarat - 380042"
380,Isha Mishra,680,BAQPM8567M,7636 0041 2577,"Plot No. 112, Green Park, Sector 35, Chandigarh, Chandigarh - 160066"
381,Chetan Malhotra,697,VVEPM1295T,3241 8621 0427,"Flat 204, Royal Palms, Sector 43, Chandigarh, Chandigarh - 160037"
382,Rakesh Sen,515,BQNPS2684M,6709 0063 3533,"Flat 101, Shanti Niketan, Whitefield, Bengaluru, Karnataka - 560034"
383,Yash Roy,724,BYCPR3750X,4068 1558 3938,"Flat 405, Prestige Towers, Saket, New Delhi, Delhi - 110023"
384,Nitin Iyer,683,EKIPI7376G,9314 9501 3649,"Plot No. 112, Green Park, Edappally, Kochi, Kerala - 682042"
385,Archana Prasad,671,IQKPP3177K,4571 5099 7683,"House #45, 2nd Main Road, HSR Layout, Bengaluru, Karnataka - 560025"
386,Mohit Garg,620,TTQPG1981E,7743 2630 3975,"Flat 204, Royal Palms, Mansarovar, Jaipur, Rajasthan - 302092"
387,Madhav Sinha,398,AWIPS4969G,2339 6852 7017,"Flat 204, Royal Palms, Sector 35, Chandigarh, Chandigarh - 160036"
388,Bhavna Chakraborty,637,EOUPC4348H,3674 2336 2934,"C-44, Sector 62, Madhapur, Hyderabad, Telangana - 500020"
389,Pallavi Kaul,639,JMKPK8101Y,4706 6149 8282,"Villa 7, Palm Meadows, Bodakdev, Ahmedabad, Gujarat - 380058"
390,Simran Prasad,745,MISPP4206E,5008 5766 6567,"Flat 302, Lotus Enclave, Salt Lake Sector V, Kolkata, West Bengal - 700025"
391,Pradeep Patel,638,ETYPP6711Q,9506 6337 0502,"Flat 502, Green Glen Apartments, Jubilee Hills, Hyderabad, Telangana - 500087"
392,Suresh Roy,722,VAUPR7297M,3836 2644 8869,"Flat 302, Lotus Enclave, Juhu, Mumbai, Maharashtra - 400083"
393,Nikhil Tripathi,627,DTYPT7520W,6027 0116 8646,"B-12, Sector 15, Palasia, Indore, Madhya Pradesh - 452035"
394,Sameer Dixit,363,NCOPD4482F,5023 4679 1214,"Plot 18, Lakeview Residency, Powai, Mumbai, Maharashtra - 400013"
395,Suresh Garg,713,MRCPG2000I,2901 3806 9847,"B-108, Sagar Classic, Ballygunge, Kolkata, West Bengal - 700057"
396,Yash Yadav,737,IIGPY6918V,8690 5510 7620,"Plot 18, Lakeview Residency, Palasia, Indore, Madhya Pradesh - 452057"
397,Rashmi Rao,730,RWNPR4079A,7050 5739 7691,"Flat 405, Prestige Towers, Annapurna Road, Indore, Madhya Pradesh - 452047"
398,Tanvi Dubey,601,SWWPD9267B,4714 8727 1783,"Flat 302, Lotus Enclave, Borivali East, Mumbai, Maharashtra - 400013"
399,Dev Iyer,718,XTFPI5220V,9128 7153 9915,"Plot No. 112, Green Park, New Town, Kolkata, West Bengal - 700038"
400,Krishna Chauhan,629,HCIPC4082X,3952 5690 4098,"Row House 14, Whispering Woods, Velachery, Chennai, Tamil Nadu - 600096"
401,Bhavna Mukherjee,709,RPCPM1150R,9524 3772 9420,"Flat 504, Windsor Manor, Vijay Nagar, Indore, Madhya Pradesh - 452045"
402,Sonam Malhotra,724,QFHPM7171B,7233 0276 4208,"House #89, Defence Colony, Anna Nagar, Chennai, Tamil Nadu - 600060"
403,Anita Mukherjee,598,SHXPM9978M,3259 0472 9277,"C-44, Sector 62, Lajpat Nagar, New Delhi, Delhi - 110035"
404,Vikram Agarwal,689,JWCPA3418M,8201 5720 1859,"Flat 6B, Mayflower Court, Connaught Place, New Delhi, Delhi - 110025"
405,Karan Kaul,735,MRYPK7150Y,3764 7501 1117,"House #45, 2nd Main Road, HSR Layout, Bengaluru, Karnataka - 560083"
406,Sonam Malhotra,738,HTUPM3967M,9649 2151 8260,"Flat 504, Windsor Manor, Navrangpura, Ahmedabad, Gujarat - 380076"
407,Suresh Nair,600,SUDPN4399V,3292 0875 1029,"Flat 302, Lotus Enclave, C-Scheme, Jaipur, Rajasthan - 302014"
408,Ankita Chauhan,715,NJOPC7931V,2340 8487 2975,"B-108, Sagar Classic, Raja Park, Jaipur, Rajasthan - 302036"
409,Yuvraj Chatterjee,703,RBAPC3321J,5298 3954 2961,"Flat 6B, Mayflower Court, Sector 35, Chandigarh, Chandigarh - 160061"
410,Ritu Chakraborty,861,YRYPC3346R,5143 5989 2625,"Flat 6B, Mayflower Court, HSR Layout, Bengaluru, Karnataka - 560041"
411,Anita Goel,781,DCOPG2080K,3554 2340 1636,"B-12, Sector 15, C-Scheme, Jaipur, Rajasthan - 302085"
412,Sameer Chatterjee,703,NSWPC5440T,3025 6258 8967,"Flat 101, Shanti Niketan, Sector 43, Chandigarh, Chandigarh - 160029"
413,Vinay Chopra,699,DOGPC7064W,5967 2757 8446,"Villa 7, Palm Meadows, Sector 17, Chandigarh, Chandigarh - 160049"
414,Priya Srivastava,738,ICCPS4932C,4901 4870 6827,"Flat 405, Prestige Towers, Salt Lake Sector V, Kolkata, West Bengal - 700088"
415,Harish Trivedi,858,TSSPT6653H,2972 8321 5285,"House #89, Defence Colony, New Town, Kolkata, West Bengal - 700057"
416,Ashok Jain,874,XGOPJ2931J,6744 3096 3480,"Flat 204, Royal Palms, T. Nagar, Chennai, Tamil Nadu - 600088"
417,Ritu Jain,751,HCJPJ4050M,7016 7318 8261,"Flat 502, Green Glen Apartments, Panampilly Nagar, Kochi, Kerala - 682038"
418,Rohit Kaul,585,JJXPK9788Z,6177 2256 0531,"Flat 502, Green Glen Apartments, Park Street, Kolkata, West Bengal - 700052"
419,Amit Deshmukh,782,RYYPD5354D,8787 2568 6211,"Flat 502, Green Glen Apartments, Mylapore, Chennai, Tamil Nadu - 600011"
420,Yash Garg,594,BVLPG1131N,9447 1639 2823,"Plot 18, Lakeview Residency, Palasia, Indore, Madhya Pradesh - 452095"
421,Rahul Dubey,748,MUCPD9230T,4392 3126 0432,"C-44, Sector 62, Andheri West, Mumbai, Maharashtra - 400058"
422,Priya Mukherjee,586,HQGPM6507N,9086 0414 5456,"B-12, Sector 15, Indiranagar, Bengaluru, Karnataka - 560016"
423,Vinay Singh,716,IHHPS2650N,4475 5411 0825,"Flat 3A, Gulmohar Enclave, Raja Park, Jaipur, Rajasthan - 302057"
424,Karan Reddy,801,HPCPR2742E,3093 3711 8954,"Plot No. 112, Green Park, Palasia, Indore, Madhya Pradesh - 452015"
425,Bhavna Dubey,686,KSXPD6690L,9161 7688 0294,"Villa 7, Palm Meadows, HSR Layout, Bengaluru, Karnataka - 560017"
426,Yuvraj Dubey,607,TKRPD9412C,4786 8669 4320,"Flat 3A, Gulmohar Enclave, Vijay Nagar, Indore, Madhya Pradesh - 452075"
427,Ritu Mishra,819,SNHPM4609J,6812 3083 4024,"Flat 204, Royal Palms, Sector 35, Chandigarh, Chandigarh - 160036"
428,Shiv Chauhan,821,AJPPC7047K,3842 6945 0053,"B-12, Sector 15, Banjara Hills, Hyderabad, Telangana - 500078"
429,Vinay Verma,725,UUCPV7258U,6983 7354 3962,"B-202, Sunshine Apartments, Hinjawadi, Pune, Maharashtra - 411021"
430,Sanjay Dixit,728,LVEPD9036X,4404 2269 3121,"Flat 6B, Mayflower Court, Juhu, Mumbai, Maharashtra - 400077"
431,Chetan Shukla,713,TACPS7291A,3002 3142 9001,"Flat 302, Lotus Enclave, Saket, New Delhi, Delhi - 110071"
432,Sneha Kulkarni,414,VHMPK4994B,6810 0184 1862,"Flat 101, Shanti Niketan, Rohini Sector 7, New Delhi, Delhi - 110059"
433,Deepak Jha,680,RFWPJ7303V,3721 3145 1951,"Flat 204, Royal Palms, Hazratganj, Lucknow, Uttar Pradesh - 226032"
434,Rahul Mukherjee,637,IELPM5940T,6514 7541 0225,"House #89, Defence Colony, Andheri West, Mumbai, Maharashtra - 400083"
435,Rahul Shukla,733,HCZPS3979Y,8557 6769 5236,"Plot No. 112, Green Park, Mansarovar, Jaipur, Rajasthan - 302078"
436,Shiv Tripathi,478,FCSPT9633S,5135 0305 8721,"B-202, Sunshine Apartments, Edappally, Kochi, Kerala - 682047"
437,Ritu Das,679,VOYPD7898H,5302 1260 6501,"House #89, Defence Colony, Hazratganj, Lucknow, Uttar Pradesh - 226013"
438,Deepak Joshi,662,DGAPJ7823E,4728 4765 7041,"Flat 204, Royal Palms, Hazratganj, Lucknow, Uttar Pradesh - 226074"
439,Dev Agarwal,852,KLYPA8443R,6984 3624 1862,"B-108, Sagar Classic, Koramangala, Bengaluru, Karnataka - 560060"
440,Geeta Tripathi,712,TOVPT8674P,7662 0563 4111,"Flat 101, Shanti Niketan, Dwarka Sector 10, New Delhi, Delhi - 110030"
441,Shreya Chatterjee,709,BPTPC6064G,5034 1990 9700,"Flat 101, Shanti Niketan, Velachery, Chennai, Tamil Nadu - 600060"
442,Sanya Dubey,759,IKJPD3122W,3568 1820 9679,"Villa 7, Palm Meadows, Viman Nagar, Pune, Maharashtra - 411097"
443,Rohan Chakraborty,725,XCSPC4533Z,4288 9857 2545,"Flat 204, Royal Palms, Annapurna Road, Indore, Madhya Pradesh - 452040"
444,Isha Rao,486,PYOPR9151D,2248 1717 5242,"B-202, Sunshine Apartments, Andheri West, Mumbai, Maharashtra - 400032"
445,Ritu Ghosh,749,ZZTPG8242U,4197 0546 6927,"A-301, Silver Heights, T. Nagar, Chennai, Tamil Nadu - 600097"
446,Priya Mishra,639,LWZPM1699T,2380 2146 2961,"Flat 302, Lotus Enclave, Anna Nagar, Chennai, Tamil Nadu - 600069"
447,Vikas Nair,584,XMCPN2775M,8365 1559 7371,"Plot No. 112, Green Park, Hinjawadi, Pune, Maharashtra - 411028"
448,Vidya Dutta,615,IAPPD7230B,7673 0306 4421,"Flat 6B, Mayflower Court, Powai, Mumbai, Maharashtra - 400067"
449,Priyanka Mukherjee,743,FXEPM1880C,8542 3567 7826,"Flat 6B, Mayflower Court, HSR Layout, Bengaluru, Karnataka - 560086"
450,Himanshu Bose,744,SPDPB6185A,4727 5164 8072,"Flat 405, Prestige Towers, Koramangala, Bengaluru, Karnataka - 560034"
451,Priyanka Sen,715,OEJPS6703G,5905 5044 8177,"B-202, Sunshine Apartments, Mansarovar, Jaipur, Rajasthan - 302076"
452,Neha Chauhan,776,YLJPC3664R,8646 4911 1109,"House #89, Defence Colony, Vijay Nagar, Indore, Madhya Pradesh - 452091"
453,Rakesh Mishra,491,PAHPM7891G,5786 1371 5766,"House #45, 2nd Main Road, C-Scheme, Jaipur, Rajasthan - 302044"
454,Vinay Ghosh,811,HXXPG4957A,8000 2589 5529,"Plot No. 112, Green Park, New Town, Kolkata, West Bengal - 700088"
455,Vikas Kaul,720,VUPPK3111U,8265 8263 1281,"Plot 18, Lakeview Residency, Vaishali Nagar, Jaipur, Rajasthan - 302051"
456,Isha Chakraborty,701,CLQPC3507A,3960 2752 3343,"Flat 6B, Mayflower Court, Panampilly Nagar, Kochi, Kerala - 682094"
457,Ananya Goel,803,CDAPG2694D,9911 2442 1175,"Flat 6B, Mayflower Court, Borivali East, Mumbai, Maharashtra - 400012"
458,Priya Bose,873,MQFPB7879M,7722 4029 9015,"B-108, Sagar Classic, Mahanagar, Lucknow, Uttar Pradesh - 226010"
459,Dev Mukherjee,364,TYFPM1484R,2882 3513 0523,"Plot 18, Lakeview Residency, Madhapur, Hyderabad, Telangana - 500035"
460,Ansh Jha,874,SQMPJ9123N,8342 3461 9942,"Row House 14, Whispering Woods, Vastrapur, Ahmedabad, Gujarat - 380086"
461,Kunal Tripathi,885,ICJPT4272S,7517 2084 9649,"B-202, Sunshine Apartments, Salt Lake Sector V, Kolkata, West Bengal - 700024"
462,Geeta Tiwari,809,IUJPT2190G,7525 1050 5379,"Plot No. 112, Green Park, Borivali East, Mumbai, Maharashtra - 400046"
463,Tanvi Dutta,637,NCHPD2225S,8655 3307 7046,"B-12, Sector 15, Aliganj, Lucknow, Uttar Pradesh - 226085"
464,Pradeep Garg,856,OHQPG1076O,6260 8805 0171,"Villa 7, Palm Meadows, Gachibowli, Hyderabad, Telangana - 500054"
465,Prashant Chakraborty,861,OIPPC7444J,9715 9103 0021,"House #45, 2nd Main Road, Kothrud, Pune, Maharashtra - 411034"
466,Pankaj Tripathi,685,XZYPT1860I,2104 1459 6422,"Flat 502, Green Glen Apartments, Adyar, Chennai, Tamil Nadu - 600084"
467,Priya Rathore,696,LDNPR8830V,9457 3144 1583,"Flat 302, Lotus Enclave, Borivali East, Mumbai, Maharashtra - 400017"
468,Ishaan Agarwal,626,RMKPA8989D,7398 8547 2812,"Flat 6B, Mayflower Court, Prahlad Nagar, Ahmedabad, Gujarat - 380075"
469,Himanshu Srivastava,727,KBLPS6032S,3271 1307 2407,"B-202, Sunshine Apartments, Banjara Hills, Hyderabad, Telangana - 500080"
470,Ankita Jha,615,LDNPJ9321K,2745 1066 3436,"Flat 504, Windsor Manor, Indira Nagar, Lucknow, Uttar Pradesh - 226076"
471,Rajesh Chatterjee,682,RQYPC4597D,2094 3181 4396,"House #45, 2nd Main Road, Saket Nagar, Indore, Madhya Pradesh - 452073"
472,Isha Deshmukh,638,UJHPD5718X,2128 9743 2512,"Flat 502, Green Glen Apartments, Malleshwaram, Bengaluru, Karnataka - 560070"
473,Rahul Jain,707,AZWPJ3797V,2957 9073 7100,"House #45, 2nd Main Road, Raja Park, Jaipur, Rajasthan - 302031"
474,Deepak Srivastava,873,CHTPS8415P,7847 4570 5458,"Flat 405, Prestige Towers, Hitec City, Hyderabad, Telangana - 500076"
475,Vidya Bansal,889,DKFPB3320L,9039 6531 3614,"Flat 12A, Golden Rays, Vaishali Nagar, Jaipur, Rajasthan - 302043"
476,Vivek Jha,581,XKKPJ5526J,5098 5916 7954,"House #89, Defence Colony, Sector 35, Chandigarh, Chandigarh - 160069"
477,Yash Das,670,NHOPD3664J,9414 0703 4910,"Row House 14, Whispering Woods, Besant Nagar, Chennai, Tamil Nadu - 600010"
478,Ananya Ghosh,813,DWUPG9224V,4142 3691 4307,"Flat 6B, Mayflower Court, Park Street, Kolkata, West Bengal - 700022"
479,Krishna Gupta,868,PELPG6283Z,4342 6834 4149,"Plot No. 112, Green Park, Hinjawadi, Pune, Maharashtra - 411065"
480,Archana Chopra,708,NSNPC6858O,7676 6708 0612,"House #45, 2nd Main Road, Mahanagar, Lucknow, Uttar Pradesh - 226057"
481,Bhavna Rao,448,OOHPR7433E,8078 7010 4159,"Flat 3A, Gulmohar Enclave, Maninagar, Ahmedabad, Gujarat - 380052"
482,Anil Chauhan,695,TRTPC1868W,5828 7232 4407,"Flat 405, Prestige Towers, Andheri West, Mumbai, Maharashtra - 400029"
483,Tanvi Yadav,748,DCFPY8761A,9601 4672 3849,"Flat 405, Prestige Towers, New Town, Kolkata, West Bengal - 700091"
484,Abhinav Dixit,683,DTGPD9380X,5774 4197 5466,"Flat 12A, Golden Rays, Park Street, Kolkata, West Bengal - 700028"
485,Aditi Grover,647,LOAPG5960B,9052 7740 2588,"Flat 6B, Mayflower Court, Malviya Nagar, Jaipur, Rajasthan - 302032"
486,Vikram Das,621,JSIPD3294I,6617 6792 9884,"Flat 3A, Gulmohar Enclave, Aliganj, Lucknow, Uttar Pradesh - 226084"
487,Umesh Trivedi,428,KBWPT3607H,3177 5331 2661,"Flat 405, Prestige Towers, Malleshwaram, Bengaluru, Karnataka - 560019"
488,Rakesh Sinha,600,JQAPS3851K,3762 9833 4774,"Row House 14, Whispering Woods, Vaishali Nagar, Jaipur, Rajasthan - 302021"
489,Suresh Bansal,878,QRFPB3302A,7698 1528 7339,"B-202, Sunshine Apartments, Mylapore, Chennai, Tamil Nadu - 600081"
490,Chetan Tiwari,448,BLJPT2161S,3284 1173 0985,"Plot 18, Lakeview Residency, Behala, Kolkata, West Bengal - 700055"
491,Aniruddh Verma,695,WZBPV4955Q,6690 8197 4005,"A-301, Silver Heights, Kakkanad, Kochi, Kerala - 682027"
492,Isha Pandey,686,VITPP2021H,9199 0516 9918,"Plot 18, Lakeview Residency, Vijay Nagar, Indore, Madhya Pradesh - 452023"
493,Amit Mehta,718,NQLPM5971Z,5000 3896 0870,"Flat 502, Green Glen Apartments, Behala, Kolkata, West Bengal - 700064"
494,Siddharth Chopra,671,DDQPC7024L,5560 3319 0368,"House #45, 2nd Main Road, Indiranagar, Bengaluru, Karnataka - 560017"
495,Bhavna Kulkarni,806,EBJPK5001J,4967 1114 8375,"Flat 12A, Golden Rays, Saket Nagar, Indore, Madhya Pradesh - 452056"
496,Siddharth Grover,740,WGXPG6224W,3056 9741 3283,"C-44, Sector 62, Powai, Mumbai, Maharashtra - 400028"
497,Amit Garg,718,SQLPG2871A,9044 9641 0496,"Flat 6B, Mayflower Court, Navrangpura, Ahmedabad, Gujarat - 380038"
498,Isha Kapoor,764,ELBPK5999B,7095 4930 5966,"Flat 405, Prestige Towers, Mansarovar, Jaipur, Rajasthan - 302096"
499,Madhav Varma,720,ZNLPV9501I,4673 2044 1384,"Flat 204, Royal Palms, Aliganj, Lucknow, Uttar Pradesh - 226056"
500,Kunal Roy,872,GQUPR1202D,6954 2770 7070,"Plot No. 112, Green Park, Rohini Sector 7, New Delhi, Delhi - 110017"
